[{"model": "admin.logentry", "pk": 1, "fields": {"action_time": "2024-09-29T12:54:30.504Z", "user": 1, "content_type": 7, "object_id": "1", "object_repr": "Dr.Abdul Basit Solkar", "action_flag": 1, "change_message": "[{\"added\": {}}]"}}, {"model": "admin.logentry", "pk": 2, "fields": {"action_time": "2024-09-30T14:00:00.799Z", "user": 1, "content_type": 6, "object_id": "2", "object_repr": "basitsolkar6@gmail.com", "action_flag": 3, "change_message": ""}}, {"model": "admin.logentry", "pk": 3, "fields": {"action_time": "2024-09-30T14:00:09.871Z", "user": 1, "content_type": 6, "object_id": "4", "object_repr": "ahmed@gmail.com", "action_flag": 3, "change_message": ""}}, {"model": "admin.logentry", "pk": 4, "fields": {"action_time": "2024-09-30T14:00:17.154Z", "user": 1, "content_type": 6, "object_id": "5", "object_repr": "asmer123@gmail.com", "action_flag": 3, "change_message": ""}}, {"model": "admin.logentry", "pk": 5, "fields": {"action_time": "2024-09-30T14:00:22.669Z", "user": 1, "content_type": 6, "object_id": "3", "object_repr": "ayan6@gmail.com", "action_flag": 3, "change_message": ""}}, {"model": "admin.logentry", "pk": 6, "fields": {"action_time": "2024-09-30T14:39:38.474Z", "user": 1, "content_type": 6, "object_id": "9", "object_repr": "ammar@gmail.com", "action_flag": 3, "change_message": ""}}, {"model": "admin.logentry", "pk": 7, "fields": {"action_time": "2024-09-30T17:44:31.198Z", "user": 1, "content_type": 6, "object_id": "10", "object_repr": "ammar@gmail.com", "action_flag": 3, "change_message": ""}}, {"model": "admin.logentry", "pk": 8, "fields": {"action_time": "2024-09-30T18:44:28.024Z", "user": 1, "content_type": 6, "object_id": "17", "object_repr": "mk@gmail.com", "action_flag": 3, "change_message": ""}}, {"model": "admin.logentry", "pk": 9, "fields": {"action_time": "2024-09-30T18:57:43.262Z", "user": 1, "content_type": 6, "object_id": "18", "object_repr": "mk@gmail.com", "action_flag": 3, "change_message": ""}}, {"model": "admin.logentry", "pk": 10, "fields": {"action_time": "2024-10-14T16:44:09.756Z", "user": 1, "content_type": 7, "object_id": "13", "object_repr": "Dr.Jeetu", "action_flag": 2, "change_message": "[{\"changed\": {\"fields\": [\"Photo\"]}}]"}}, {"model": "admin.logentry", "pk": 11, "fields": {"action_time": "2024-10-14T16:44:55.121Z", "user": 1, "content_type": 7, "object_id": "1", "object_repr": "Dr.Abdul Basit Solkar", "action_flag": 2, "change_message": "[{\"changed\": {\"fields\": [\"Photo\"]}}]"}}, {"model": "admin.logentry", "pk": 12, "fields": {"action_time": "2024-10-14T16:59:27.906Z", "user": 1, "content_type": 7, "object_id": "16", "object_repr": "Dr.jiyan", "action_flag": 2, "change_message": "[{\"changed\": {\"fields\": [\"Photo\"]}}]"}}, {"model": "admin.logentry", "pk": 13, "fields": {"action_time": "2024-10-14T16:59:43.152Z", "user": 1, "content_type": 7, "object_id": "16", "object_repr": "Dr.jiyan", "action_flag": 2, "change_message": "[]"}}, {"model": "admin.logentry", "pk": 14, "fields": {"action_time": "2024-10-14T17:47:11.265Z", "user": 1, "content_type": 7, "object_id": "18", "object_repr": "Dr.malik mulani", "action_flag": 2, "change_message": "[{\"changed\": {\"fields\": [\"Photo\"]}}]"}}, {"model": "admin.logentry", "pk": 15, "fields": {"action_time": "2024-10-14T18:18:19.316Z", "user": 1, "content_type": 7, "object_id": "18", "object_repr": "Dr.malik mulani", "action_flag": 3, "change_message": ""}}, {"model": "admin.logentry", "pk": 16, "fields": {"action_time": "2024-10-14T18:18:25.122Z", "user": 1, "content_type": 7, "object_id": "17", "object_repr": "Dr.Suneo", "action_flag": 3, "change_message": ""}}, {"model": "admin.logentry", "pk": 17, "fields": {"action_time": "2024-10-14T18:18:30.974Z", "user": 1, "content_type": 7, "object_id": "16", "object_repr": "Dr.jiyan", "action_flag": 3, "change_message": ""}}, {"model": "admin.logentry", "pk": 18, "fields": {"action_time": "2024-10-14T18:18:37.044Z", "user": 1, "content_type": 7, "object_id": "15", "object_repr": "Dr.Jahangir", "action_flag": 3, "change_message": ""}}, {"model": "admin.logentry", "pk": 19, "fields": {"action_time": "2024-10-14T18:18:42.202Z", "user": 1, "content_type": 7, "object_id": "14", "object_repr": "Dr.shubh", "action_flag": 3, "change_message": ""}}, {"model": "admin.logentry", "pk": 20, "fields": {"action_time": "2024-10-14T18:18:47.474Z", "user": 1, "content_type": 7, "object_id": "13", "object_repr": "Dr.Jeetu", "action_flag": 3, "change_message": ""}}, {"model": "admin.logentry", "pk": 21, "fields": {"action_time": "2024-10-14T18:18:53.305Z", "user": 1, "content_type": 7, "object_id": "12", "object_repr": "Dr.ayan dhokle", "action_flag": 3, "change_message": ""}}, {"model": "admin.logentry", "pk": 22, "fields": {"action_time": "2024-10-14T18:18:59.998Z", "user": 1, "content_type": 7, "object_id": "11", "object_repr": "Dr.fdsafdas", "action_flag": 3, "change_message": ""}}, {"model": "admin.logentry", "pk": 23, "fields": {"action_time": "2024-10-14T18:19:06.226Z", "user": 1, "content_type": 7, "object_id": "10", "object_repr": "Dr.kmk", "action_flag": 3, "change_message": ""}}, {"model": "admin.logentry", "pk": 24, "fields": {"action_time": "2024-10-14T18:19:11.167Z", "user": 1, "content_type": 7, "object_id": "7", "object_repr": "Dr.rupesh", "action_flag": 3, "change_message": ""}}, {"model": "admin.logentry", "pk": 25, "fields": {"action_time": "2024-10-14T18:19:16.394Z", "user": 1, "content_type": 7, "object_id": "6", "object_repr": "Dr.rupesh", "action_flag": 3, "change_message": ""}}, {"model": "admin.logentry", "pk": 26, "fields": {"action_time": "2024-10-14T18:19:21.640Z", "user": 1, "content_type": 7, "object_id": "5", "object_repr": "Dr.Ahmed Burud", "action_flag": 3, "change_message": ""}}, {"model": "admin.logentry", "pk": 27, "fields": {"action_time": "2024-10-14T18:19:26.649Z", "user": 1, "content_type": 7, "object_id": "4", "object_repr": "Dr.Ahmed Burud", "action_flag": 3, "change_message": ""}}, {"model": "admin.logentry", "pk": 28, "fields": {"action_time": "2024-10-14T18:19:33.039Z", "user": 1, "content_type": 7, "object_id": "1", "object_repr": "Dr.Abdul Basit Solkar", "action_flag": 3, "change_message": ""}}, {"model": "admin.logentry", "pk": 29, "fields": {"action_time": "2024-10-14T18:19:49.516Z", "user": 1, "content_type": 6, "object_id": "40", "object_repr": "malik@gmail.com", "action_flag": 3, "change_message": ""}}, {"model": "admin.logentry", "pk": 30, "fields": {"action_time": "2024-10-14T18:20:25.275Z", "user": 1, "content_type": 6, "object_id": "6", "object_repr": "asmer123@gmail.com", "action_flag": 3, "change_message": ""}}, {"model": "admin.logentry", "pk": 31, "fields": {"action_time": "2024-10-14T18:20:34.073Z", "user": 1, "content_type": 6, "object_id": "33", "object_repr": "suneo@gmail.com", "action_flag": 3, "change_message": ""}}, {"model": "admin.logentry", "pk": 32, "fields": {"action_time": "2024-10-14T18:20:42.194Z", "user": 1, "content_type": 6, "object_id": "27", "object_repr": "jiyan@gmail.com", "action_flag": 3, "change_message": ""}}, {"model": "admin.logentry", "pk": 33, "fields": {"action_time": "2024-10-14T18:20:49.156Z", "user": 1, "content_type": 6, "object_id": "26", "object_repr": "jahangir@gmail.com", "action_flag": 3, "change_message": ""}}, {"model": "admin.logentry", "pk": 34, "fields": {"action_time": "2024-10-14T18:20:54.619Z", "user": 1, "content_type": 6, "object_id": "25", "object_repr": "shubham@gmail.com", "action_flag": 3, "change_message": ""}}, {"model": "admin.logentry", "pk": 35, "fields": {"action_time": "2024-10-14T18:21:00.587Z", "user": 1, "content_type": 6, "object_id": "24", "object_repr": "jeetu@gmail.com", "action_flag": 3, "change_message": ""}}, {"model": "admin.logentry", "pk": 36, "fields": {"action_time": "2024-10-14T18:21:06.392Z", "user": 1, "content_type": 6, "object_id": "23", "object_repr": "ayandhokle@gmail.com", "action_flag": 3, "change_message": ""}}, {"model": "admin.logentry", "pk": 37, "fields": {"action_time": "2024-10-14T18:21:11.950Z", "user": 1, "content_type": 6, "object_id": "22", "object_repr": "ziyad@gmail.com", "action_flag": 3, "change_message": ""}}, {"model": "admin.logentry", "pk": 38, "fields": {"action_time": "2024-10-14T18:21:18.003Z", "user": 1, "content_type": 6, "object_id": "21", "object_repr": "akash@gmail.com", "action_flag": 3, "change_message": ""}}, {"model": "admin.logentry", "pk": 39, "fields": {"action_time": "2024-10-14T18:21:23.790Z", "user": 1, "content_type": 6, "object_id": "20", "object_repr": "mm@gmail.com", "action_flag": 3, "change_message": ""}}, {"model": "admin.logentry", "pk": 40, "fields": {"action_time": "2024-10-14T18:21:30.581Z", "user": 1, "content_type": 6, "object_id": "19", "object_repr": "mk@gmail.com", "action_flag": 3, "change_message": ""}}, {"model": "admin.logentry", "pk": 41, "fields": {"action_time": "2024-10-14T18:21:37.338Z", "user": 1, "content_type": 6, "object_id": "16", "object_repr": "larun@gmail.com", "action_flag": 3, "change_message": ""}}, {"model": "admin.logentry", "pk": 42, "fields": {"action_time": "2024-10-14T18:21:44.917Z", "user": 1, "content_type": 6, "object_id": "15", "object_repr": "rupesh@gmail.com", "action_flag": 3, "change_message": ""}}, {"model": "admin.logentry", "pk": 43, "fields": {"action_time": "2024-10-14T18:21:55.113Z", "user": 1, "content_type": 6, "object_id": "14", "object_repr": "arun@gmail.com", "action_flag": 3, "change_message": ""}}, {"model": "admin.logentry", "pk": 44, "fields": {"action_time": "2024-10-14T18:22:00.310Z", "user": 1, "content_type": 6, "object_id": "13", "object_repr": "kk@gmail.com", "action_flag": 3, "change_message": ""}}, {"model": "admin.logentry", "pk": 45, "fields": {"action_time": "2024-10-14T18:22:05.896Z", "user": 1, "content_type": 6, "object_id": "12", "object_repr": "jay@gmail.com", "action_flag": 3, "change_message": ""}}, {"model": "admin.logentry", "pk": 46, "fields": {"action_time": "2024-10-14T18:22:11.659Z", "user": 1, "content_type": 6, "object_id": "11", "object_repr": "ammar@gmail.com", "action_flag": 3, "change_message": ""}}, {"model": "admin.logentry", "pk": 47, "fields": {"action_time": "2024-10-14T18:22:17.501Z", "user": 1, "content_type": 6, "object_id": "8", "object_repr": "ayan@gmail.com", "action_flag": 3, "change_message": ""}}, {"model": "admin.logentry", "pk": 48, "fields": {"action_time": "2024-10-14T18:22:24.871Z", "user": 1, "content_type": 6, "object_id": "7", "object_repr": "ahmed@gmail.com", "action_flag": 3, "change_message": ""}}, {"model": "admin.logentry", "pk": 49, "fields": {"action_time": "2024-10-15T17:50:25.589Z", "user": 1, "content_type": 7, "object_id": "8", "object_repr": "Dr.Rajesh", "action_flag": 3, "change_message": ""}}, {"model": "admin.logentry", "pk": 50, "fields": {"action_time": "2024-10-24T03:50:11.589Z", "user": 1, "content_type": 10, "object_id": "1", "object_repr": "Dr.Yatin Jadhav | 2024-10-24: 09:00:00 - 10:00:00", "action_flag": 1, "change_message": "[{\"added\": {}}]"}}, {"model": "admin.logentry", "pk": 51, "fields": {"action_time": "2024-10-24T04:03:17.796Z", "user": 1, "content_type": 10, "object_id": "1", "object_repr": "Dr.Yatin Jadhav | 2024-10-24: 09:00:00 - 10:00:00", "action_flag": 3, "change_message": ""}}, {"model": "admin.logentry", "pk": 52, "fields": {"action_time": "2024-10-24T18:55:17.795Z", "user": 1, "content_type": 6, "object_id": "1", "object_repr": "abasitsolkar@gmail.com", "action_flag": 2, "change_message": "[{\"changed\": {\"fields\": [\"Gender\"]}}]"}}, {"model": "admin.logentry", "pk": 53, "fields": {"action_time": "2024-10-24T18:55:25.372Z", "user": 1, "content_type": 6, "object_id": "1", "object_repr": "abasitsolkar@gmail.com", "action_flag": 2, "change_message": "[]"}}, {"model": "admin.logentry", "pk": 54, "fields": {"action_time": "2024-10-24T19:47:20.973Z", "user": 1, "content_type": 6, "object_id": "42", "object_repr": "yatinjadhav@gmail.com", "action_flag": 2, "change_message": "[{\"changed\": {\"fields\": [\"Password\"]}}]"}}, {"model": "admin.logentry", "pk": 55, "fields": {"action_time": "2025-02-07T12:36:56.131Z", "user": 1, "content_type": 6, "object_id": "60", "object_repr": "ahmed@gmail.com", "action_flag": 2, "change_message": "[{\"changed\": {\"fields\": [\"Full name\"]}}]"}}, {"model": "admin.logentry", "pk": 56, "fields": {"action_time": "2025-02-11T01:25:53.067Z", "user": 1, "content_type": 10, "object_id": "12", "object_repr": "Ahmed Burud with Dr.jeetu on 2025-02-14 at 09:00:00 booked by Ahmed Burud [online]", "action_flag": 3, "change_message": ""}}, {"model": "admin.logentry", "pk": 57, "fields": {"action_time": "2025-02-14T13:58:59.187Z", "user": 1, "content_type": 6, "object_id": "64", "object_repr": "en21184898@git-india.edu.in", "action_flag": 2, "change_message": "[{\"changed\": {\"fields\": [\"Email\"]}}]"}}, {"model": "admin.logentry", "pk": 58, "fields": {"action_time": "2025-02-14T17:42:29.504Z", "user": 1, "content_type": 7, "object_id": "12", "object_repr": "Dr.cristiano ronaldo", "action_flag": 2, "change_message": "[{\"changed\": {\"fields\": [\"Photo\"]}}]"}}, {"model": "admin.logentry", "pk": 59, "fields": {"action_time": "2025-02-14T19:39:36.914Z", "user": 1, "content_type": 6, "object_id": "65", "object_repr": "en21130674@git-india.edu.in", "action_flag": 3, "change_message": ""}}, {"model": "admin.logentry", "pk": 60, "fields": {"action_time": "2025-02-14T19:54:42.729Z", "user": 1, "content_type": 6, "object_id": "66", "object_repr": "en21130674@git-india.edu.in", "action_flag": 3, "change_message": ""}}, {"model": "admin.logentry", "pk": 61, "fields": {"action_time": "2025-02-14T19:59:57.270Z", "user": 1, "content_type": 6, "object_id": "67", "object_repr": "en21130674@git-india.edu.in", "action_flag": 3, "change_message": ""}}, {"model": "admin.logentry", "pk": 62, "fields": {"action_time": "2025-02-14T20:11:04.495Z", "user": 1, "content_type": 6, "object_id": "64", "object_repr": "en21184898@git-india.edu.in", "action_flag": 3, "change_message": ""}}, {"model": "admin.logentry", "pk": 63, "fields": {"action_time": "2025-02-15T14:30:19.269Z", "user": 1, "content_type": 6, "object_id": "68", "object_repr": "en21130674@git-india.edu.in", "action_flag": 3, "change_message": ""}}, {"model": "admin.logentry", "pk": 64, "fields": {"action_time": "2025-02-16T05:37:30.208Z", "user": 1, "content_type": 6, "object_id": "70", "object_repr": "en21130674@git-india.edu.in", "action_flag": 3, "change_message": ""}}, {"model": "admin.logentry", "pk": 65, "fields": {"action_time": "2025-02-16T05:42:17.038Z", "user": 1, "content_type": 6, "object_id": "71", "object_repr": "en21130674@git-india.edu.in", "action_flag": 3, "change_message": ""}}, {"model": "admin.logentry", "pk": 66, "fields": {"action_time": "2025-02-16T05:49:59.065Z", "user": 1, "content_type": 6, "object_id": "72", "object_repr": "en21130674@git-india.edu.in", "action_flag": 3, "change_message": ""}}, {"model": "admin.logentry", "pk": 67, "fields": {"action_time": "2025-02-16T07:03:48.851Z", "user": 1, "content_type": 6, "object_id": "73", "object_repr": "en21130674@git-india.edu.in", "action_flag": 3, "change_message": ""}}, {"model": "admin.logentry", "pk": 68, "fields": {"action_time": "2025-02-16T07:09:25.920Z", "user": 1, "content_type": 6, "object_id": "74", "object_repr": "en21130674@git-india.edu.in", "action_flag": 3, "change_message": ""}}, {"model": "admin.logentry", "pk": 69, "fields": {"action_time": "2025-02-16T07:18:08.960Z", "user": 1, "content_type": 6, "object_id": "75", "object_repr": "en21130674@git-india.edu.in", "action_flag": 3, "change_message": ""}}, {"model": "admin.logentry", "pk": 70, "fields": {"action_time": "2025-02-16T07:26:19.700Z", "user": 1, "content_type": 6, "object_id": "76", "object_repr": "en21130674@git-india.edu.in", "action_flag": 3, "change_message": ""}}, {"model": "admin.logentry", "pk": 71, "fields": {"action_time": "2025-02-16T07:31:06.178Z", "user": 1, "content_type": 6, "object_id": "77", "object_repr": "en21130674@git-india.edu.in", "action_flag": 3, "change_message": ""}}, {"model": "admin.logentry", "pk": 72, "fields": {"action_time": "2025-02-16T08:19:55.456Z", "user": 1, "content_type": 6, "object_id": "78", "object_repr": "en21130674@git-india.edu.in", "action_flag": 3, "change_message": ""}}, {"model": "admin.logentry", "pk": 73, "fields": {"action_time": "2025-02-16T08:21:58.233Z", "user": 1, "content_type": 6, "object_id": "79", "object_repr": "en21130674@git-india.edu.in", "action_flag": 3, "change_message": ""}}, {"model": "admin.logentry", "pk": 74, "fields": {"action_time": "2025-02-16T08:39:44.334Z", "user": 1, "content_type": 6, "object_id": "80", "object_repr": "en21130674@git-india.edu.in", "action_flag": 3, "change_message": ""}}, {"model": "admin.logentry", "pk": 75, "fields": {"action_time": "2025-02-19T06:58:38.992Z", "user": 1, "content_type": 6, "object_id": "47", "object_repr": "reshma24t@gmail.com", "action_flag": 2, "change_message": "[{\"changed\": {\"fields\": [\"Full name\"]}}]"}}, {"model": "admin.logentry", "pk": 76, "fields": {"action_time": "2025-03-03T10:26:18.144Z", "user": 1, "content_type": 15, "object_id": "1", "object_repr": "ahmed@gmail.com - 28.089010954714272", "action_flag": 3, "change_message": ""}}, {"model": "admin.logentry", "pk": 77, "fields": {"action_time": "2025-03-03T10:26:25.800Z", "user": 1, "content_type": 15, "object_id": "2", "object_repr": "ahmed@gmail.com - 24.930747922437675", "action_flag": 3, "change_message": ""}}, {"model": "admin.logentry", "pk": 78, "fields": {"action_time": "2025-03-03T10:26:31.614Z", "user": 1, "content_type": 15, "object_id": "3", "object_repr": "ahmed@gmail.com - 25.46", "action_flag": 3, "change_message": ""}}, {"model": "admin.logentry", "pk": 79, "fields": {"action_time": "2025-03-18T05:14:59.885Z", "user": 1, "content_type": 7, "object_id": "12", "object_repr": "Dr.John Doe", "action_flag": 3, "change_message": ""}}, {"model": "admin.logentry", "pk": 80, "fields": {"action_time": "2025-03-18T05:15:08.881Z", "user": 1, "content_type": 7, "object_id": "9", "object_repr": "Dr.janhavi tondekar", "action_flag": 3, "change_message": ""}}, {"model": "admin.logentry", "pk": 81, "fields": {"action_time": "2025-03-18T05:23:54.338Z", "user": 1, "content_type": 6, "object_id": "49", "object_repr": "vaishnavi@gmail.com", "action_flag": 3, "change_message": ""}}, {"model": "auth.permission", "pk": 1, "fields": {"name": "Can add log entry", "content_type": 1, "codename": "add_logentry"}}, {"model": "auth.permission", "pk": 2, "fields": {"name": "Can change log entry", "content_type": 1, "codename": "change_logentry"}}, {"model": "auth.permission", "pk": 3, "fields": {"name": "Can delete log entry", "content_type": 1, "codename": "delete_logentry"}}, {"model": "auth.permission", "pk": 4, "fields": {"name": "Can view log entry", "content_type": 1, "codename": "view_logentry"}}, {"model": "auth.permission", "pk": 5, "fields": {"name": "Can add permission", "content_type": 2, "codename": "add_permission"}}, {"model": "auth.permission", "pk": 6, "fields": {"name": "Can change permission", "content_type": 2, "codename": "change_permission"}}, {"model": "auth.permission", "pk": 7, "fields": {"name": "Can delete permission", "content_type": 2, "codename": "delete_permission"}}, {"model": "auth.permission", "pk": 8, "fields": {"name": "Can view permission", "content_type": 2, "codename": "view_permission"}}, {"model": "auth.permission", "pk": 9, "fields": {"name": "Can add group", "content_type": 3, "codename": "add_group"}}, {"model": "auth.permission", "pk": 10, "fields": {"name": "Can change group", "content_type": 3, "codename": "change_group"}}, {"model": "auth.permission", "pk": 11, "fields": {"name": "Can delete group", "content_type": 3, "codename": "delete_group"}}, {"model": "auth.permission", "pk": 12, "fields": {"name": "Can view group", "content_type": 3, "codename": "view_group"}}, {"model": "auth.permission", "pk": 13, "fields": {"name": "Can add content type", "content_type": 4, "codename": "add_contenttype"}}, {"model": "auth.permission", "pk": 14, "fields": {"name": "Can change content type", "content_type": 4, "codename": "change_contenttype"}}, {"model": "auth.permission", "pk": 15, "fields": {"name": "Can delete content type", "content_type": 4, "codename": "delete_contenttype"}}, {"model": "auth.permission", "pk": 16, "fields": {"name": "Can view content type", "content_type": 4, "codename": "view_contenttype"}}, {"model": "auth.permission", "pk": 17, "fields": {"name": "Can add session", "content_type": 5, "codename": "add_session"}}, {"model": "auth.permission", "pk": 18, "fields": {"name": "Can change session", "content_type": 5, "codename": "change_session"}}, {"model": "auth.permission", "pk": 19, "fields": {"name": "Can delete session", "content_type": 5, "codename": "delete_session"}}, {"model": "auth.permission", "pk": 20, "fields": {"name": "Can view session", "content_type": 5, "codename": "view_session"}}, {"model": "auth.permission", "pk": 21, "fields": {"name": "Can add user", "content_type": 6, "codename": "add_customuser"}}, {"model": "auth.permission", "pk": 22, "fields": {"name": "Can change user", "content_type": 6, "codename": "change_customuser"}}, {"model": "auth.permission", "pk": 23, "fields": {"name": "Can delete user", "content_type": 6, "codename": "delete_customuser"}}, {"model": "auth.permission", "pk": 24, "fields": {"name": "Can view user", "content_type": 6, "codename": "view_customuser"}}, {"model": "auth.permission", "pk": 25, "fields": {"name": "Can add doctors", "content_type": 7, "codename": "add_doctors"}}, {"model": "auth.permission", "pk": 26, "fields": {"name": "Can change doctors", "content_type": 7, "codename": "change_doctors"}}, {"model": "auth.permission", "pk": 27, "fields": {"name": "Can delete doctors", "content_type": 7, "codename": "delete_doctors"}}, {"model": "auth.permission", "pk": 28, "fields": {"name": "Can view doctors", "content_type": 7, "codename": "view_doctors"}}, {"model": "auth.permission", "pk": 29, "fields": {"name": "Can add availability", "content_type": 8, "codename": "add_availability"}}, {"model": "auth.permission", "pk": 30, "fields": {"name": "Can change availability", "content_type": 8, "codename": "change_availability"}}, {"model": "auth.permission", "pk": 31, "fields": {"name": "Can delete availability", "content_type": 8, "codename": "delete_availability"}}, {"model": "auth.permission", "pk": 32, "fields": {"name": "Can view availability", "content_type": 8, "codename": "view_availability"}}, {"model": "auth.permission", "pk": 33, "fields": {"name": "Can add appointments", "content_type": 9, "codename": "add_appointments"}}, {"model": "auth.permission", "pk": 34, "fields": {"name": "Can change appointments", "content_type": 9, "codename": "change_appointments"}}, {"model": "auth.permission", "pk": 35, "fields": {"name": "Can delete appointments", "content_type": 9, "codename": "delete_appointments"}}, {"model": "auth.permission", "pk": 36, "fields": {"name": "Can view appointments", "content_type": 9, "codename": "view_appointments"}}, {"model": "auth.permission", "pk": 37, "fields": {"name": "Can add appointment", "content_type": 10, "codename": "add_appointment"}}, {"model": "auth.permission", "pk": 38, "fields": {"name": "Can change appointment", "content_type": 10, "codename": "change_appointment"}}, {"model": "auth.permission", "pk": 39, "fields": {"name": "Can delete appointment", "content_type": 10, "codename": "delete_appointment"}}, {"model": "auth.permission", "pk": 40, "fields": {"name": "Can view appointment", "content_type": 10, "codename": "view_appointment"}}, {"model": "auth.permission", "pk": 41, "fields": {"name": "Can add online availability", "content_type": 11, "codename": "add_onlineavailability"}}, {"model": "auth.permission", "pk": 42, "fields": {"name": "Can change online availability", "content_type": 11, "codename": "change_onlineavailability"}}, {"model": "auth.permission", "pk": 43, "fields": {"name": "Can delete online availability", "content_type": 11, "codename": "delete_onlineavailability"}}, {"model": "auth.permission", "pk": 44, "fields": {"name": "Can view online availability", "content_type": 11, "codename": "view_onlineavailability"}}, {"model": "auth.permission", "pk": 45, "fields": {"name": "Can add online availability partime", "content_type": 12, "codename": "add_onlineavailabilitypartime"}}, {"model": "auth.permission", "pk": 46, "fields": {"name": "Can change online availability partime", "content_type": 12, "codename": "change_onlineavailabilitypartime"}}, {"model": "auth.permission", "pk": 47, "fields": {"name": "Can delete online availability partime", "content_type": 12, "codename": "delete_onlineavailabilitypartime"}}, {"model": "auth.permission", "pk": 48, "fields": {"name": "Can view online availability partime", "content_type": 12, "codename": "view_onlineavailabilitypartime"}}, {"model": "auth.permission", "pk": 49, "fields": {"name": "Can add doctor requests", "content_type": 13, "codename": "add_doctorrequests"}}, {"model": "auth.permission", "pk": 50, "fields": {"name": "Can change doctor requests", "content_type": 13, "codename": "change_doctorrequests"}}, {"model": "auth.permission", "pk": 51, "fields": {"name": "Can delete doctor requests", "content_type": 13, "codename": "delete_doctorrequests"}}, {"model": "auth.permission", "pk": 52, "fields": {"name": "Can view doctor requests", "content_type": 13, "codename": "view_doctorrequests"}}, {"model": "auth.permission", "pk": 53, "fields": {"name": "Can add verification data", "content_type": 14, "codename": "add_verificationdata"}}, {"model": "auth.permission", "pk": 54, "fields": {"name": "Can change verification data", "content_type": 14, "codename": "change_verificationdata"}}, {"model": "auth.permission", "pk": 55, "fields": {"name": "Can delete verification data", "content_type": 14, "codename": "delete_verificationdata"}}, {"model": "auth.permission", "pk": 56, "fields": {"name": "Can view verification data", "content_type": 14, "codename": "view_verificationdata"}}, {"model": "auth.permission", "pk": 57, "fields": {"name": "Can add bmi", "content_type": 15, "codename": "add_bmi"}}, {"model": "auth.permission", "pk": 58, "fields": {"name": "Can change bmi", "content_type": 15, "codename": "change_bmi"}}, {"model": "auth.permission", "pk": 59, "fields": {"name": "Can delete bmi", "content_type": 15, "codename": "delete_bmi"}}, {"model": "auth.permission", "pk": 60, "fields": {"name": "Can view bmi", "content_type": 15, "codename": "view_bmi"}}, {"model": "contenttypes.contenttype", "pk": 1, "fields": {"app_label": "admin", "model": "logentry"}}, {"model": "contenttypes.contenttype", "pk": 2, "fields": {"app_label": "auth", "model": "permission"}}, {"model": "contenttypes.contenttype", "pk": 3, "fields": {"app_label": "auth", "model": "group"}}, {"model": "contenttypes.contenttype", "pk": 4, "fields": {"app_label": "contenttypes", "model": "contenttype"}}, {"model": "contenttypes.contenttype", "pk": 5, "fields": {"app_label": "sessions", "model": "session"}}, {"model": "contenttypes.contenttype", "pk": 6, "fields": {"app_label": "meds", "model": "customuser"}}, {"model": "contenttypes.contenttype", "pk": 7, "fields": {"app_label": "meds", "model": "doctors"}}, {"model": "contenttypes.contenttype", "pk": 8, "fields": {"app_label": "meds", "model": "availability"}}, {"model": "contenttypes.contenttype", "pk": 9, "fields": {"app_label": "meds", "model": "appointments"}}, {"model": "contenttypes.contenttype", "pk": 10, "fields": {"app_label": "meds", "model": "appointment"}}, {"model": "contenttypes.contenttype", "pk": 11, "fields": {"app_label": "meds", "model": "onlineavailability"}}, {"model": "contenttypes.contenttype", "pk": 12, "fields": {"app_label": "meds", "model": "onlineavailabilitypartime"}}, {"model": "contenttypes.contenttype", "pk": 13, "fields": {"app_label": "meds", "model": "doctorrequests"}}, {"model": "contenttypes.contenttype", "pk": 14, "fields": {"app_label": "meds", "model": "verificationdata"}}, {"model": "contenttypes.contenttype", "pk": 15, "fields": {"app_label": "meds", "model": "bmi"}}, {"model": "sessions.session", "pk": "12h8vm8oxhrct0h6cx931l0fybxq5xst", "fields": {"session_data": "e30:1tp9um:kXR-6jotzwBxpsJpZDLWEucSqSwgf3bzUg_dGZ89nAM", "expire_date": "2025-03-17T17:49:16.562Z"}}, {"model": "sessions.session", "pk": "387vssmqzqc6bjhxl4qlsmtdtg8n97t1", "fields": {"session_data": ".eJxVjEEOwiAQRe_C2pACBQeX7nsGMgyDVA0kpV0Z765NutDtf-_9lwi4rSVsnZcwJ3ERYMTpd4xID647SXestyap1XWZo9wVedAup5b4eT3cv4OCvXxrHr3LlLXPOqnsM1I0YDSAIma2gBCJ7ei9d4OzThuXIJFVbjBnAJPF-wMmITgM:1tuPWE:4LNI2NVo84Zn2zEckkP59DD9JR8QluAeDWcC1nHKAG0", "expire_date": "2025-04-01T05:29:38.912Z"}}, {"model": "sessions.session", "pk": "7ijimq83tu7zup0amcgezjoyhhpwcpy8", "fields": {"session_data": ".eJxVjEEOwiAQRe_C2hBIGSgu3XsGMjBTqRpISrtqvLs06UK3773_dxFwW3PYGi9hJnEVWlx-WcT04nIIemJ5VJlqWZc5yiORp23yXonft7P9O8jYcl8DRG9ZUxx4iqwNGAeTNwpcYoXJ2ZEscLfoOnNo0SiP3pPq0TgY8fkC6Tc3hA:1t4ajb:x_HYjE3pMq_RxCBddg4ECM6rxch-jWaxQpPAKB9Dy2Y", "expire_date": "2024-11-09T06:57:15.691Z"}}, {"model": "sessions.session", "pk": "bzwtebkrktj23qkx60g66gb3ubke53ie", "fields": {"session_data": ".eJxVjEEOgjAQRe_StWkKM51Sl-45A5l2RkFNSSisjHdXEha6_e-9_zIDb-s4bFWXYRJzNuTM6XdMnB9adiJ3LrfZ5rmsy5TsrtiDVtvPos_L4f4djFzHb83IGYA8qjCkRhvyEHx0DeRWQJ14Ty2EK6JkVHVdipESJCQfOkI27w_59zdz:1ti6YI:U53VTPFBK3D1D45nATvbzJ5T3a4okbj0VReeRZ8Whb4", "expire_date": "2025-02-26T06:48:54.506Z"}}, {"model": "sessions.session", "pk": "cp860h0ohd2cwx1tx32upto93baahxsh", "fields": {"session_data": ".eJxVjEEOgjAQRe_StWkKM51Sl-45A5l2RkFNSSisjHdXEha6_e-9_zIDb-s4bFWXYRJzNuTM6XdMnB9adiJ3LrfZ5rmsy5TsrtiDVtvPos_L4f4djFzHb83IGYA8qjCkRhvyEHx0DeRWQJ14Ty2EK6JkVHVdipESJCQfOkI27w_59zdz:1tp9c0:pHRNoGnce46VxGOM8yYCDVBmVqADOOI8tqXB4vAT0Qc", "expire_date": "2025-03-17T17:29:52.317Z"}}, {"model": "sessions.session", "pk": "dmh4hggogvq89nbfetu8qkc87443duo4", "fields": {"session_data": ".eJxVjMsOwiAQRf-FtSFUGB4u3fsNBGYGqRqalHZl_HfbpAvd3nPOfYuY1qXGtfMcRxIXYZU4_Y454ZPbTuiR2n2SOLVlHrPcFXnQLm8T8et6uH8HNfW61UMhJk6EwOyS0UxnD86BAQ_oiwm5DKiVQl00eQiEwTjLNjvYjGLF5ws2MDiQ:1tuPAo:xzjXzIF4vUMp1CuBITfaHYbZt3n0mt9NZng8Dh7FMTE", "expire_date": "2025-04-01T05:07:30.133Z"}}, {"model": "sessions.session", "pk": "dndpwogvzfecfmomo3xmifdoybz3lrss", "fields": {"session_data": ".eJxVjEEOwiAQRe_C2hBIGSgu3XsGMjBTqRpISrtqvLs06UK3773_dxFwW3PYGi9hJnEVWlx-WcT04nIIemJ5VJlqWZc5yiORp23yXonft7P9O8jYcl8DRG9ZUxx4iqwNGAeTNwpcYoXJ2ZEscLfoOnNo0SiP3pPq0TgY8fkC6Tc3hA:1tp9pG:j2Heb_2ZCBzjbGiq4d8tR3HE1LTR6EOQKT_flSshjyI", "expire_date": "2025-03-17T17:43:34.694Z"}}, {"model": "sessions.session", "pk": "gymv4ju7qr2mp54gokpyrq3uzqjh7j6v", "fields": {"session_data": ".eJxVjDsOwyAQBe9CHSHA_DZlep8BsQsEJxGWjF1FuXtsyUXSzsx7bxbittaw9byEKbErk-zyyzDSM7dDpEds95nT3NZlQn4k_LSdj3PKr9vZ_h3U2Ou-FhIJPQ1gtQDhnc7FKgVgjDQKI1orkJxVdvBIUkmSsKOisysKhAD2-QK34TaD:1tuPG2:2C3HFUYD20aQs45vicxLlBG_lSI5ZiGxaX_kUrCkhLs", "expire_date": "2025-04-01T05:12:54.283Z"}}, {"model": "sessions.session", "pk": "mgens0kopth2huqrkp86mgm1u5gquaei", "fields": {"session_data": ".eJxVjEEOgjAQRe_StWkKM51Sl-45A5l2RkFNSSisjHdXEha6_e-9_zIDb-s4bFWXYRJzNuTM6XdMnB9adiJ3LrfZ5rmsy5TsrtiDVtvPos_L4f4djFzHb83IGYA8qjCkRhvyEHx0DeRWQJ14Ty2EK6JkVHVdipESJCQfOkI27w_59zdz:1tiVQd:TcG88kJBulVKtJcn_EKPKWrDCkNAfF86IvyvdieQQME", "expire_date": "2025-02-27T09:22:39.503Z"}}, {"model": "sessions.session", "pk": "mlke65piya5hrqiu8gfnmnztk0wi4gus", "fields": {"session_data": ".eJxVjEEOgjAQRe_StWkKM51Sl-45A5l2RkFNSSisjHdXEha6_e-9_zIDb-s4bFWXYRJzNuTM6XdMnB9adiJ3LrfZ5rmsy5TsrtiDVtvPos_L4f4djFzHb83IGYA8qjCkRhvyEHx0DeRWQJ14Ty2EK6JkVHVdipESJCQfOkI27w_59zdz:1th7hy:36k3klRUs8zVatrVi5KPWphHZ7CSPzbtA7xY5tYTOdw", "expire_date": "2025-02-23T13:50:50.925Z"}}, {"model": "sessions.session", "pk": "mqr0jzych2toz8oy47hy4o136fpma33u", "fields": {"session_data": ".eJxVjMEOwiAQBf-FsyEFFigevfcbCMuCVA0kpT0Z_92Q9KDXNzPvzXw49uKPnja_ErsyI9nld8QQn6kOQo9Q743HVvdtRT4UftLOl0bpdTvdv4MSehk1KhWcg-xQgRIhklDaoiCZZyNAGCIkM1mpM2YbhQU9U1RSwgRgZWKfLwe7N58:1tnIXu:JzzGO3gavsGEIEXoMT6suthV4NOcPd3Gqe-TfTrsql4", "expire_date": "2025-03-12T14:37:58.563Z"}}, {"model": "sessions.session", "pk": "ng5io0tnauau4736inmetfvnuk9bdmvc", "fields": {"session_data": ".eJxVjMEOwiAQBf-FsyEFFigevfcbCMuCVA0kpT0Z_92Q9KDXNzPvzXw49uKPnja_ErsyI9nld8QQn6kOQo9Q743HVvdtRT4UftLOl0bpdTvdv4MSehk1KhWcg-xQgRIhklDaoiCZZyNAGCIkM1mpM2YbhQU9U1RSwgRgZWKfLwe7N58:1tkhk6:h-ogPVZIfSRwHbfC9WU85mpcUP6PznBbMx69_mQ3FCE", "expire_date": "2025-03-05T10:55:50.798Z"}}, {"model": "sessions.session", "pk": "nrs5yxgajks2wkm1bjq5lahu8pbqqvmq", "fields": {"session_data": ".eJxVjEEOgjAQRe_StWkKM51Sl-45A5l2RkFNSSisjHdXEha6_e-9_zIDb-s4bFWXYRJzNuTM6XdMnB9adiJ3LrfZ5rmsy5TsrtiDVtvPos_L4f4djFzHb83IGYA8qjCkRhvyEHx0DeRWQJ14Ty2EK6JkVHVdipESJCQfOkI27w_59zdz:1thetF:ViNYTbeAprdTMd3JFfIpka4L1M8bQelcPBFwwQym3aQ", "expire_date": "2025-02-25T01:16:41.679Z"}}, {"model": "sessions.session", "pk": "rdsprkqb6eu1cgfn5beu7zyz5esbo0qa", "fields": {"session_data": ".eJxVjEEOwiAQRe_C2hBIGSgu3XsGMjBTqRpISrtqvLs06UK3773_dxFwW3PYGi9hJnEVWlx-WcT04nIIemJ5VJlqWZc5yiORp23yXonft7P9O8jYcl8DRG9ZUxx4iqwNGAeTNwpcYoXJ2ZEscLfoOnNo0SiP3pPq0TgY8fkC6Tc3hA:1th0Ru:VcrgdYVtJNexAGyBIxC_kT3kArcc5jxKzDLAjdr84VU", "expire_date": "2025-02-23T06:05:46.849Z"}}, {"model": "sessions.session", "pk": "slhvkiuyimwifxmwj3b0pphmdx36il67", "fields": {"session_data": ".eJxVjDsOwyAQBe9CHSHA_DZlep8BsQsEJxGWjF1FuXtsyUXSzsx7bxbittaw9byEKbErk-zyyzDSM7dDpEds95nT3NZlQn4k_LSdj3PKr9vZ_h3U2Ou-FhIJPQ1gtQDhnc7FKgVgjDQKI1orkJxVdvBIUkmSsKOisysKhAD2-QK34TaD:1tuPOt:WZsvCzlnw1uIDsUuM0O0PZVW6rywAyw1a-tN9F5evPA", "expire_date": "2025-04-01T05:22:03.263Z"}}, {"model": "sessions.session", "pk": "t9g7f7l20grlkwrnebk7m5vh2b601p14", "fields": {"session_data": ".eJxVjMEOwiAQBf-FsyEFFigevfcbCMuCVA0kpT0Z_92Q9KDXNzPvzXw49uKPnja_ErsyI9nld8QQn6kOQo9Q743HVvdtRT4UftLOl0bpdTvdv4MSehk1KhWcg-xQgRIhklDaoiCZZyNAGCIkM1mpM2YbhQU9U1RSwgRgZWKfLwe7N58:1tjC0P:GT7vM_6zRIJzwchEjk7N2X_IYoBTRr23xdiw9bc_qqQ", "expire_date": "2025-03-01T06:50:25.618Z"}}, {"model": "sessions.session", "pk": "u45e1l1s827somq7patfu8z388mgju2r", "fields": {"session_data": ".eJxVjEEOwiAQRe_C2hBIGSgu3XsGMjBTqRpISrtqvLs06UK3773_dxFwW3PYGi9hJnEVWlx-WcT04nIIemJ5VJlqWZc5yiORp23yXonft7P9O8jYcl8DRG9ZUxx4iqwNGAeTNwpcYoXJ2ZEscLfoOnNo0SiP3pPq0TgY8fkC6Tc3hA:1tbkbp:OjABBd_MKr2Fy7mxIip6xlXPyTQ5NRwpB5D5X8NaN6w", "expire_date": "2025-02-08T18:10:17.146Z"}}, {"model": "sessions.session", "pk": "vnyfd2hdnfg39omblv2n25n7oa2jgnp5", "fields": {"session_data": ".eJxVjEEOwiAQRe_C2hAYWnBcuu8ZyDBDpWpKUtqV8e7apAvd_vfef6lI21ri1vISJ1EXBZ06_Y6J-JHnncid5lvVXOd1mZLeFX3Qpocq-Xk93L-DQq18a4NObO4QCQKP1qB1I0BwNgAic8oUfEKGYL1HL4bBA1OX_FkEUt-r9wfp-zd8:1syBtc:6GCz-fbfYidQZaDitcIIxj1gt9r0mJP2mXXaVl1ScKs", "expire_date": "2024-10-22T15:13:08.571Z"}}, {"model": "sessions.session", "pk": "w0ug0342y2nt610uyzdlhvh2gzywokrb", "fields": {"session_data": ".eJxVjEEOwiAQRe_C2pACBQeX7nsGMgyDVA0kpV0Z765NutDtf-_9lwi4rSVsnZcwJ3ERYMTpd4xID647SXestyap1XWZo9wVedAup5b4eT3cv4OCvXxrHr3LlLXPOqnsM1I0YDSAIma2gBCJ7ei9d4OzThuXIJFVbjBnAJPF-wMmITgM:1tuSD1:Jb9aZ-8-r8Q_7ZtCv61Fj_OLgVnQBm5RFYzC0VNGids", "expire_date": "2025-04-01T08:21:59.673Z"}}, {"model": "sessions.session", "pk": "zb4o7r3gycz1in5sf5k6spdwvrb35f5s", "fields": {"session_data": "e30:1t0Ryx:hBcsNY-VKK2ZirRCtNQ4yIro9B0gra9rE69yTjiJEn8", "expire_date": "2024-10-28T20:47:59.982Z"}}, {"model": "meds.customuser", "pk": 1, "fields": {"password": "pbkdf2_sha256$870000$LNcuoCCyH0bcqB1S27Jid3$BRu4cSakK1GIDs7FKOde2+7QrviduvpK5n++YNoGWzU=", "last_login": "2025-03-18T05:22:03.251Z", "is_superuser": true, "is_staff": true, "is_active": true, "date_joined": "2024-09-29T10:07:58Z", "full_name": "Abdul Basit Solkar", "email": "abasitsolkar@gmail.com", "phone": "8087170683", "gender": "Male", "dob": "1999-08-16", "groups": [], "user_permissions": []}}, {"model": "meds.customuser", "pk": 41, "fields": {"password": "pbkdf2_sha256$870000$gFUNMucSEaaM56TZSxZy0r$mN3Nz5KWMJJJcfwuEiaLGdK0NoczjoBw+FFv+gXQaHk=", "last_login": "2024-10-14T21:13:57.695Z", "is_superuser": false, "is_staff": false, "is_active": true, "date_joined": "2024-10-14T20:20:27.686Z", "full_name": "Amarsinh Patankar", "email": "dr.amarsinh@example.com", "phone": "9876543210", "gender": "Male", "dob": "1997-08-19", "groups": [], "user_permissions": []}}, {"model": "meds.customuser", "pk": 42, "fields": {"password": "project123", "last_login": "2024-10-15T06:12:22Z", "is_superuser": false, "is_staff": false, "is_active": true, "date_joined": "2024-10-15T06:12:08Z", "full_name": "Yatin Jadhav", "email": "yatinjadhav@gmail.com", "phone": "9730906216", "gender": "Male", "dob": "1985-08-12", "groups": [], "user_permissions": []}}, {"model": "meds.customuser", "pk": 43, "fields": {"password": "pbkdf2_sha256$870000$qwhYdbtqgooSIPUSUJNjsb$l8ssf2MjJujrbZaZDOBQ8UAkY4P/cdK5oWWUWooeIvI=", "last_login": "2024-10-15T06:17:26.088Z", "is_superuser": false, "is_staff": false, "is_active": true, "date_joined": "2024-10-15T06:17:07.444Z", "full_name": "Vaibhav Jadhav", "email": "dr.vaibhav@example.com", "phone": "9876543211", "gender": "Male", "dob": "1987-02-12", "groups": [], "user_permissions": []}}, {"model": "meds.customuser", "pk": 44, "fields": {"password": "pbkdf2_sha256$870000$La1ajhmrGnmeBnmBKFNRRo$1ivvcJ2H9mcvJybgq4yn4G6KORenqJO3Qu6Rpiaomlw=", "last_login": "2024-10-15T10:03:56.110Z", "is_superuser": false, "is_staff": false, "is_active": true, "date_joined": "2024-10-15T06:22:30.390Z", "full_name": "Sayali Madhav", "email": "sayali@gmail.com", "phone": "9284944530", "gender": "Female", "dob": "1989-02-01", "groups": [], "user_permissions": []}}, {"model": "meds.customuser", "pk": 45, "fields": {"password": "pbkdf2_sha256$870000$N8k2Ib33E8ygCY7jUU9CfR$3gRG9NGGSthGms2V/qizTu0gAoYGkALQMIByg9OpjzU=", "last_login": "2024-10-15T06:27:59.965Z", "is_superuser": false, "is_staff": false, "is_active": true, "date_joined": "2024-10-15T06:27:45.381Z", "full_name": "Rashmi Sawant", "email": "shreehospitalchiplun@gmail.com", "phone": "2355 251280", "gender": "Female", "dob": "1989-01-12", "groups": [], "user_permissions": []}}, {"model": "meds.customuser", "pk": 46, "fields": {"password": "pbkdf2_sha256$870000$tciG0QfPi66jnQ15yAnOE9$KaNjMm4DWby6xuGRBtdesWNZ8EJxouoehPV/igzI4Kc=", "last_login": "2024-10-15T06:34:12.600Z", "is_superuser": false, "is_staff": false, "is_active": true, "date_joined": "2024-10-15T06:33:49.612Z", "full_name": "Vikram Ghanekar", "email": "onco-lifecare@hospital.com", "phone": "7378958000", "gender": "Male", "dob": "1979-06-01", "groups": [], "user_permissions": []}}, {"model": "meds.customuser", "pk": 47, "fields": {"password": "pbkdf2_sha256$870000$Gpn790elAZMVzxrnhl9t1p$1YdFg7BVco3rcV1vfPKsVMqcUmlxQ4FsCF8iwuH6m5k=", "last_login": "2024-10-24T19:50:28Z", "is_superuser": false, "is_staff": false, "is_active": true, "date_joined": "2024-10-15T06:37:47Z", "full_name": "Reshma Tondekar", "email": "reshma24t@gmail.com", "phone": "7507630402", "gender": "Female", "dob": "1989-08-19", "groups": [], "user_permissions": []}}, {"model": "meds.customuser", "pk": 48, "fields": {"password": "pbkdf2_sha256$870000$QYQxhgW8B2Igy7bwYPKuHv$QlKdJ69rT6O3zzKgaZidvCoHrv+fC6D+Eqaqjr37aHc=", "last_login": "2024-10-15T10:10:09.635Z", "is_superuser": false, "is_staff": false, "is_active": true, "date_joined": "2024-10-15T10:09:58.118Z", "full_name": "Rajesh", "email": "rajesh@gmail.com", "phone": "7557389580", "gender": "Male", "dob": "2003-08-16", "groups": [], "user_permissions": []}}, {"model": "meds.customuser", "pk": 50, "fields": {"password": "pbkdf2_sha256$870000$kkIZpCfpaHkVgSC4zTntZA$lSkd6zZx8k7/mXZAslAtPDMQ7qSlBhzIPIyNJf38c6M=", "last_login": "2024-10-24T18:50:06.749Z", "is_superuser": false, "is_staff": false, "is_active": true, "date_joined": "2024-10-24T18:49:53.218Z", "full_name": "Darshan Deulkar", "email": "darshan@gmail.com", "phone": "7822800816", "gender": "Male", "dob": "2003-07-19", "groups": [], "user_permissions": []}}, {"model": "meds.customuser", "pk": 51, "fields": {"password": "pbkdf2_sha256$870000$choMNApBocgOCvsjjAbace$2vzIPnLBBZG9nU/UEDLUBS0TLjemwbdgQMMySa0D75Y=", "last_login": null, "is_superuser": false, "is_staff": false, "is_active": true, "date_joined": "2025-01-25T18:09:52.567Z", "full_name": "Muaaz Musaddiq Sakharkar", "email": "muaaz@gmail.com", "phone": "7720029105", "gender": "Male", "dob": "1988-02-12", "groups": [], "user_permissions": []}}, {"model": "meds.customuser", "pk": 52, "fields": {"password": "pbkdf2_sha256$870000$QDDgVXXYTuu2pV3fBYO5fP$mBnWFebLQWfhR625LPBWsf5yW51yQPK7skQd9ojXiLo=", "last_login": "2025-01-25T18:13:25.184Z", "is_superuser": false, "is_staff": false, "is_active": true, "date_joined": "2025-01-25T18:13:24.306Z", "full_name": "zaid solkar", "email": "zaid@gmail.com", "phone": "7720029106", "gender": "Male", "dob": "1999-12-12", "groups": [], "user_permissions": []}}, {"model": "meds.customuser", "pk": 58, "fields": {"password": "pbkdf2_sha256$870000$0aQF16o2hvfaj3PcWRVdgq$LkDg7y4WH8dFm84Kr78MQJBc9ZgqMt6SvoC72HGbuRc=", "last_login": "2025-01-25T18:31:52.000Z", "is_superuser": false, "is_staff": false, "is_active": true, "date_joined": "2025-01-25T18:31:50.661Z", "full_name": "janhavi tondekar", "email": "janhavi@gmail.com", "phone": "7720029109", "gender": "Female", "dob": "2003-11-12", "groups": [], "user_permissions": []}}, {"model": "meds.customuser", "pk": 59, "fields": {"password": "pbkdf2_sha256$870000$GYu0JxFQEAfSJW6zGP0sww$NvYNmtw8HBShP0WpIQEO37EfgYSa7WzaTZ1dbXPPjIY=", "last_login": "2025-01-26T16:10:58.481Z", "is_superuser": false, "is_staff": false, "is_active": true, "date_joined": "2025-01-26T16:10:57.188Z", "full_name": "guddu badmosh", "email": "gud@gmail.com", "phone": "7777908790", "gender": "Male", "dob": "2025-01-29", "groups": [], "user_permissions": []}}, {"model": "meds.customuser", "pk": 60, "fields": {"password": "pbkdf2_sha256$870000$OKvR82qF2fJmt8Kw7CyCDQ$3ZiqFVbcthc/UqcAcDhC6SjFaJ9qK6myspyr9uT5sQ4=", "last_login": "2025-03-18T08:20:30.168Z", "is_superuser": false, "is_staff": false, "is_active": true, "date_joined": "2025-01-26T17:40:05Z", "full_name": "Ahmed Mubin Burud", "email": "ahmed@gmail.com", "phone": "8889991112", "gender": "Male", "dob": "2003-12-12", "groups": [], "user_permissions": []}}, {"model": "meds.customuser", "pk": 61, "fields": {"password": "pbkdf2_sha256$870000$nZAKQFHBatFFCVCIX2sdZe$18iyzJDP21Gj6qXNnWv98eHFKh50uWg5uJ/kxVFmZHI=", "last_login": "2025-02-08T06:36:25.825Z", "is_superuser": false, "is_staff": false, "is_active": true, "date_joined": "2025-02-01T09:46:24.781Z", "full_name": "Asmer Chougle", "email": "asmer123@gmail.com", "phone": "8888999922", "gender": "Male", "dob": "2003-08-12", "groups": [], "user_permissions": []}}, {"model": "meds.customuser", "pk": 62, "fields": {"password": "pbkdf2_sha256$870000$15q5OU7dGCgGZWNAtu49me$bkuAa1AyY5qcA4Zjhxc8w7C4q3l1pBep9tI3jgBqQMg=", "last_login": "2025-02-26T14:37:58.553Z", "is_superuser": false, "is_staff": false, "is_active": true, "date_joined": "2025-02-08T10:30:01.497Z", "full_name": "jeetu", "email": "en21118137@gmail.com", "phone": "777888991", "gender": "Male", "dob": "1999-12-12", "groups": [], "user_permissions": []}}, {"model": "meds.customuser", "pk": 63, "fields": {"password": "pbkdf2_sha256$870000$GjZoTiyFDq3gg5XFMH9UGo$YDqCY2gUUExO94sZzhou+sKrOAVpIFIcjhGBG2hHmBE=", "last_login": "2025-02-14T11:31:13.248Z", "is_superuser": false, "is_staff": false, "is_active": true, "date_joined": "2025-02-14T11:31:11.930Z", "full_name": "John Doe", "email": "john@gmail.com", "phone": "9272328959", "gender": "Male", "dob": "1999-12-12", "groups": [], "user_permissions": []}}, {"model": "meds.customuser", "pk": 69, "fields": {"password": "pbkdf2_sha256$870000$YQgwKJLXJA6zdTp6FnVbBS$w3cY3uCINppagRbNFGVVBwMao0MjM7PsfCjlXABG6+o=", "last_login": "2025-02-15T05:09:41.433Z", "is_superuser": false, "is_staff": false, "is_active": true, "date_joined": "2025-02-15T05:09:40.287Z", "full_name": "sahil modak", "email": "modaksahil244@gmail.com", "phone": "7249689253", "gender": "Male", "dob": "2003-08-06", "groups": [], "user_permissions": []}}, {"model": "meds.customuser", "pk": 81, "fields": {"password": "pbkdf2_sha256$870000$eZze5xfgn04fC25TyzhXbd$bxi6I6tTPn69sc4crSfGIiKgu0EAjeNmWqLKmKmaVLo=", "last_login": null, "is_superuser": false, "is_staff": false, "is_active": true, "date_joined": "2025-02-16T08:41:36.747Z", "full_name": "ayan dhokle", "email": "covermohalla@gmail.com", "phone": "7385824488", "gender": "Male", "dob": "2003-08-08", "groups": [], "user_permissions": []}}, {"model": "meds.customuser", "pk": 82, "fields": {"password": "pbkdf2_sha256$870000$9fJcYCoIoOpTluZIT5PCDU$iamztFoYg4Tdmevz8U/gN+m7lKOHWuSPHnHEXrtqPKI=", "last_login": null, "is_superuser": false, "is_staff": false, "is_active": true, "date_joined": "2025-03-03T17:47:21.248Z", "full_name": "Muskan", "email": "en21130674@git-india.edu.in", "phone": "9876543212", "gender": "Male", "dob": "2004-06-12", "groups": [], "user_permissions": []}}, {"model": "meds.customuser", "pk": 83, "fields": {"password": "pbkdf2_sha256$870000$EsBBUByM75eLHcDnlBWimE$5lmikeWltXx/bPmlAgYfFcx+Nd6EsoehO6n40Gr6sgQ=", "last_login": "2025-03-18T08:21:59.666Z", "is_superuser": false, "is_staff": false, "is_active": true, "date_joined": "2025-03-18T05:25:13.490Z", "full_name": "Vaishnavi angaj", "email": "en21190175@git-india.edu.in", "phone": "7720029104", "gender": "Female", "dob": "2003-03-12", "groups": [], "user_permissions": []}}, {"model": "meds.doctors", "pk": 1, "fields": {"user": 41, "degree": "MBBS , MD", "specialization": "Cardiologist", "address": "HeartCare Clinic Main Road, CityName, State - 123456, INDIA", "experience": "15", "photo": "profile_photos/Dr.AP.jpg"}}, {"model": "meds.doctors", "pk": 2, "fields": {"user": 42, "degree": "MBBS, MD - Dermatology", "specialization": "Dermatologist", "address": "Springs Skin Care Clinic J'De Garden, Swarvihar Gruha Sankul, Khend, Chiplun - 415605, Maharashtra, INDIA", "experience": "25", "photo": "profile_photos/YJ.png"}}, {"model": "meds.doctors", "pk": 3, "fields": {"user": 43, "degree": "MBBS, MS - Obstetrics & Gynecology", "specialization": "Gynecologist", "address": "HealthCare Clinic Main Road, CityName, State - 123456, INDIA", "experience": "12", "photo": "profile_photos/Dr.VJ.jpg"}}, {"model": "meds.doctors", "pk": 4, "fields": {"user": 44, "degree": "MBBS, MS - Obstetrics & Gynecology", "specialization": "IVF Consultant", "address": "Dreamzz IVF, Lifecare Hospital, 2nd Floor Guhagar Bypass Road, Chiplun, Maharashtra, INDIA", "experience": "15", "photo": "profile_photos/SJ.jpeg"}}, {"model": "meds.doctors", "pk": 5, "fields": {"user": 45, "degree": "BAMS (Bachelor of Ayurvedic Medicine and Surgery)", "specialization": "Streerog-Prasuti Specialist", "address": "Shree Hospital, Mumbai - Goa Highway, Sawarde, Chiplun, Maharashtra 415606, India", "experience": "15", "photo": "profile_photos/RS.jpg"}}, {"model": "meds.doctors", "pk": 6, "fields": {"user": 46, "degree": "MBBS-MS (General Surgery)", "specialization": "Surgical Oncologist", "address": "Onco - Lifecare Cancer Centre, Lifecare Hospital, Guhagar Bypass Road, Mirzoli, Chiplun, Maharashtra - 415605", "experience": "20", "photo": "profile_photos/VG.jpg"}}, {"model": "meds.doctors", "pk": 7, "fields": {"user": 47, "degree": "BHMS", "specialization": "Homeopathy Specialist", "address": "Holistic Clinic, Opposite Janta Hospital, Vadnaka", "experience": "20", "photo": "profile_photos/RT.jpeg"}}, {"model": "meds.doctors", "pk": 10, "fields": {"user": 61, "degree": "MBBS", "specialization": "Cardiologist", "address": "valote zilla MANDANGADH GHATI", "experience": "4", "photo": "profile_photos/WhatsApp_Image_2024-09-18_at_18.03.21.jpeg"}}, {"model": "meds.doctors", "pk": 11, "fields": {"user": 62, "degree": "MBBS", "specialization": "Medico", "address": "valote", "experience": "12", "photo": "profile_photos/WhatsApp_Image_2025-02-05_at_17.22.42.jpeg"}}, {"model": "meds.doctors", "pk": 13, "fields": {"user": 83, "degree": "MBBS", "specialization": "Cancer", "address": "Chiplun", "experience": "2", "photo": "profile_photos/va.jpg"}}, {"model": "meds.verificationdata", "pk": 1, "fields": {"email": "en21130674@git-india.edu.in", "is_email_verified": false, "is_mobile_verified": false, "email_otp": "523179", "mobile_otp": null}}, {"model": "meds.verificationdata", "pk": 2, "fields": {"email": "sahilmodak244@gmail.com", "is_email_verified": false, "is_mobile_verified": false, "email_otp": "610148", "mobile_otp": null}}, {"model": "meds.verificationdata", "pk": 3, "fields": {"email": "modaksahil@gmail.com", "is_email_verified": false, "is_mobile_verified": false, "email_otp": "135101", "mobile_otp": null}}, {"model": "meds.verificationdata", "pk": 4, "fields": {"email": "modaksahil244@gmail.com", "is_email_verified": false, "is_mobile_verified": false, "email_otp": "467208", "mobile_otp": null}}, {"model": "meds.verificationdata", "pk": 5, "fields": {"email": "80", "is_email_verified": false, "is_mobile_verified": false, "email_otp": "395047", "mobile_otp": null}}, {"model": "meds.verificationdata", "pk": 6, "fields": {"email": "covermohalla@gmail.com", "is_email_verified": false, "is_mobile_verified": false, "email_otp": "438062", "mobile_otp": null}}, {"model": "meds.verificationdata", "pk": 7, "fields": {"email": "en21118137@gmail.com", "is_email_verified": false, "is_mobile_verified": false, "email_otp": "296488", "mobile_otp": null}}, {"model": "meds.verificationdata", "pk": 8, "fields": {"email": "en21190175@git-india.edu.in", "is_email_verified": false, "is_mobile_verified": false, "email_otp": "170599", "mobile_otp": null}}, {"model": "meds.doctorrequests", "pk": 1, "fields": {"user": 63, "degree": "MBBS", "specialization": "Psychology", "address": "Ratnagiri", "experience": "4", "photo": "profile_photos/WhatsApp_Image_2025-02-07_at_12.58.26.jpeg", "is_approved": true}}, {"model": "meds.doctorrequests", "pk": 4, "fields": {"user": 83, "degree": "MBBS", "specialization": "Cancer", "address": "Chiplun", "experience": "2", "photo": "media/profile_photos/user.png", "is_approved": true}}, {"model": "meds.availability", "pk": 1, "fields": {"doctor": 1, "day_of_week": "Monday", "available_from": "10:00:00", "available_to": "16:00:00", "max_appointments": 70, "break_from": "13:00:00", "break_to": "14:00:00"}}, {"model": "meds.availability", "pk": 2, "fields": {"doctor": 1, "day_of_week": "Tuesday", "available_from": "10:00:00", "available_to": "16:00:00", "max_appointments": 70, "break_from": "13:00:00", "break_to": "14:00:00"}}, {"model": "meds.availability", "pk": 3, "fields": {"doctor": 1, "day_of_week": "Wednesday", "available_from": "10:00:00", "available_to": "16:00:00", "max_appointments": 70, "break_from": "13:00:00", "break_to": "14:00:00"}}, {"model": "meds.availability", "pk": 4, "fields": {"doctor": 1, "day_of_week": "Thursday", "available_from": "10:00:00", "available_to": "16:00:00", "max_appointments": 70, "break_from": "13:00:00", "break_to": "14:00:00"}}, {"model": "meds.availability", "pk": 5, "fields": {"doctor": 1, "day_of_week": "Friday", "available_from": "10:00:00", "available_to": "16:00:00", "max_appointments": 70, "break_from": "13:00:00", "break_to": "14:00:00"}}, {"model": "meds.availability", "pk": 6, "fields": {"doctor": 1, "day_of_week": "Saturday", "available_from": "10:00:00", "available_to": "14:00:00", "max_appointments": 70, "break_from": "13:00:00", "break_to": "14:00:00"}}, {"model": "meds.availability", "pk": 7, "fields": {"doctor": 2, "day_of_week": "Monday", "available_from": "09:00:00", "available_to": "15:00:00", "max_appointments": 70, "break_from": "13:00:00", "break_to": "14:00:00"}}, {"model": "meds.availability", "pk": 8, "fields": {"doctor": 2, "day_of_week": "Tuesday", "available_from": "09:00:00", "available_to": "15:00:00", "max_appointments": 70, "break_from": "13:00:00", "break_to": "14:00:00"}}, {"model": "meds.availability", "pk": 9, "fields": {"doctor": 2, "day_of_week": "Wednesday", "available_from": "09:00:00", "available_to": "15:00:00", "max_appointments": 70, "break_from": "13:00:00", "break_to": "14:00:00"}}, {"model": "meds.availability", "pk": 10, "fields": {"doctor": 2, "day_of_week": "Thursday", "available_from": "09:00:00", "available_to": "15:00:00", "max_appointments": 70, "break_from": "13:00:00", "break_to": "14:00:00"}}, {"model": "meds.availability", "pk": 11, "fields": {"doctor": 2, "day_of_week": "Friday", "available_from": "09:00:00", "available_to": "15:00:00", "max_appointments": 70, "break_from": "13:00:00", "break_to": "14:00:00"}}, {"model": "meds.availability", "pk": 12, "fields": {"doctor": 2, "day_of_week": "Saturday", "available_from": "09:00:00", "available_to": "13:00:00", "max_appointments": 70, "break_from": "13:00:00", "break_to": "14:00:00"}}, {"model": "meds.availability", "pk": 13, "fields": {"doctor": 3, "day_of_week": "Monday", "available_from": "10:00:00", "available_to": "16:00:00", "max_appointments": 70, "break_from": "13:00:00", "break_to": "14:00:00"}}, {"model": "meds.availability", "pk": 14, "fields": {"doctor": 3, "day_of_week": "Tuesday", "available_from": "10:00:00", "available_to": "16:00:00", "max_appointments": 70, "break_from": "13:00:00", "break_to": "14:00:00"}}, {"model": "meds.availability", "pk": 15, "fields": {"doctor": 3, "day_of_week": "Wednesday", "available_from": "10:00:00", "available_to": "16:00:00", "max_appointments": 70, "break_from": "13:00:00", "break_to": "14:00:00"}}, {"model": "meds.availability", "pk": 16, "fields": {"doctor": 3, "day_of_week": "Thursday", "available_from": "10:00:00", "available_to": "16:00:00", "max_appointments": 70, "break_from": "13:00:00", "break_to": "14:00:00"}}, {"model": "meds.availability", "pk": 17, "fields": {"doctor": 3, "day_of_week": "Friday", "available_from": "10:00:00", "available_to": "16:00:00", "max_appointments": 70, "break_from": "13:00:00", "break_to": "14:00:00"}}, {"model": "meds.availability", "pk": 18, "fields": {"doctor": 3, "day_of_week": "Saturday", "available_from": "10:00:00", "available_to": "14:00:00", "max_appointments": 70, "break_from": "13:00:00", "break_to": "14:00:00"}}, {"model": "meds.availability", "pk": 19, "fields": {"doctor": 4, "day_of_week": "Monday", "available_from": "10:00:00", "available_to": "17:00:00", "max_appointments": 70, "break_from": "13:00:00", "break_to": "14:00:00"}}, {"model": "meds.availability", "pk": 20, "fields": {"doctor": 4, "day_of_week": "Tuesday", "available_from": "10:00:00", "available_to": "17:00:00", "max_appointments": 70, "break_from": "13:00:00", "break_to": "14:00:00"}}, {"model": "meds.availability", "pk": 21, "fields": {"doctor": 4, "day_of_week": "Wednesday", "available_from": "10:00:00", "available_to": "17:00:00", "max_appointments": 70, "break_from": "13:00:00", "break_to": "14:00:00"}}, {"model": "meds.availability", "pk": 22, "fields": {"doctor": 4, "day_of_week": "Thursday", "available_from": "10:00:00", "available_to": "17:00:00", "max_appointments": 70, "break_from": "13:00:00", "break_to": "14:00:00"}}, {"model": "meds.availability", "pk": 23, "fields": {"doctor": 4, "day_of_week": "Friday", "available_from": "10:00:00", "available_to": "17:00:00", "max_appointments": 70, "break_from": "13:00:00", "break_to": "14:00:00"}}, {"model": "meds.availability", "pk": 24, "fields": {"doctor": 4, "day_of_week": "Saturday", "available_from": "10:00:00", "available_to": "14:00:00", "max_appointments": 70, "break_from": "13:00:00", "break_to": "14:00:00"}}, {"model": "meds.availability", "pk": 25, "fields": {"doctor": 5, "day_of_week": "Monday", "available_from": "10:00:00", "available_to": "17:00:00", "max_appointments": 70, "break_from": "13:00:00", "break_to": "14:00:00"}}, {"model": "meds.availability", "pk": 26, "fields": {"doctor": 5, "day_of_week": "Tuesday", "available_from": "10:00:00", "available_to": "17:00:00", "max_appointments": 70, "break_from": "13:00:00", "break_to": "14:00:00"}}, {"model": "meds.availability", "pk": 27, "fields": {"doctor": 5, "day_of_week": "Wednesday", "available_from": "10:00:00", "available_to": "17:00:00", "max_appointments": 70, "break_from": "13:00:00", "break_to": "14:00:00"}}, {"model": "meds.availability", "pk": 28, "fields": {"doctor": 5, "day_of_week": "Thursday", "available_from": "10:00:00", "available_to": "17:00:00", "max_appointments": 70, "break_from": "13:00:00", "break_to": "14:00:00"}}, {"model": "meds.availability", "pk": 29, "fields": {"doctor": 5, "day_of_week": "Friday", "available_from": "10:00:00", "available_to": "17:00:00", "max_appointments": 70, "break_from": "13:00:00", "break_to": "14:00:00"}}, {"model": "meds.availability", "pk": 30, "fields": {"doctor": 5, "day_of_week": "Saturday", "available_from": "10:00:00", "available_to": "14:00:00", "max_appointments": 70, "break_from": "13:00:00", "break_to": "14:00:00"}}, {"model": "meds.availability", "pk": 31, "fields": {"doctor": 6, "day_of_week": "Monday", "available_from": "09:00:00", "available_to": "17:00:00", "max_appointments": 70, "break_from": "13:00:00", "break_to": "14:00:00"}}, {"model": "meds.availability", "pk": 32, "fields": {"doctor": 6, "day_of_week": "Tuesday", "available_from": "09:00:00", "available_to": "17:00:00", "max_appointments": 70, "break_from": "13:00:00", "break_to": "14:00:00"}}, {"model": "meds.availability", "pk": 33, "fields": {"doctor": 6, "day_of_week": "Wednesday", "available_from": "09:00:00", "available_to": "17:00:00", "max_appointments": 70, "break_from": "13:00:00", "break_to": "14:00:00"}}, {"model": "meds.availability", "pk": 34, "fields": {"doctor": 6, "day_of_week": "Thursday", "available_from": "09:00:00", "available_to": "17:00:00", "max_appointments": 70, "break_from": "13:00:00", "break_to": "14:00:00"}}, {"model": "meds.availability", "pk": 35, "fields": {"doctor": 6, "day_of_week": "Friday", "available_from": "09:00:00", "available_to": "17:00:00", "max_appointments": 70, "break_from": "13:00:00", "break_to": "14:00:00"}}, {"model": "meds.availability", "pk": 36, "fields": {"doctor": 6, "day_of_week": "Saturday", "available_from": "09:00:00", "available_to": "13:00:00", "max_appointments": 70, "break_from": "13:00:00", "break_to": "14:00:00"}}, {"model": "meds.availability", "pk": 37, "fields": {"doctor": 7, "day_of_week": "Monday", "available_from": "10:00:00", "available_to": "19:00:00", "max_appointments": 70, "break_from": "13:00:00", "break_to": "14:00:00"}}, {"model": "meds.availability", "pk": 38, "fields": {"doctor": 7, "day_of_week": "Tuesday", "available_from": "10:00:00", "available_to": "19:00:00", "max_appointments": 70, "break_from": "13:00:00", "break_to": "14:00:00"}}, {"model": "meds.availability", "pk": 39, "fields": {"doctor": 7, "day_of_week": "Wednesday", "available_from": "10:00:00", "available_to": "19:00:00", "max_appointments": 70, "break_from": "13:00:00", "break_to": "14:00:00"}}, {"model": "meds.availability", "pk": 40, "fields": {"doctor": 7, "day_of_week": "Thursday", "available_from": "10:00:00", "available_to": "19:00:00", "max_appointments": 70, "break_from": "13:00:00", "break_to": "14:00:00"}}, {"model": "meds.availability", "pk": 41, "fields": {"doctor": 7, "day_of_week": "Friday", "available_from": "10:00:00", "available_to": "19:00:00", "max_appointments": 70, "break_from": "13:00:00", "break_to": "14:00:00"}}, {"model": "meds.availability", "pk": 42, "fields": {"doctor": 7, "day_of_week": "Saturday", "available_from": "10:00:00", "available_to": "19:00:00", "max_appointments": 70, "break_from": "13:00:00", "break_to": "14:00:00"}}, {"model": "meds.availability", "pk": 43, "fields": {"doctor": 10, "day_of_week": "Monday", "available_from": "09:00:00", "available_to": "15:00:00", "max_appointments": 5, "break_from": "12:00:00", "break_to": "13:00:00"}}, {"model": "meds.availability", "pk": 44, "fields": {"doctor": 10, "day_of_week": "Tuesday", "available_from": "09:00:00", "available_to": "15:00:00", "max_appointments": 5, "break_from": "12:00:00", "break_to": "13:00:00"}}, {"model": "meds.availability", "pk": 45, "fields": {"doctor": 10, "day_of_week": "Monday", "available_from": "09:00:00", "available_to": "11:00:00", "max_appointments": 12, "break_from": "13:00:00", "break_to": "14:00:00"}}, {"model": "meds.availability", "pk": 46, "fields": {"doctor": 10, "day_of_week": "Tuesday", "available_from": "09:00:00", "available_to": "11:00:00", "max_appointments": 12, "break_from": "13:00:00", "break_to": "14:00:00"}}, {"model": "meds.availability", "pk": 47, "fields": {"doctor": 10, "day_of_week": "Wednesday", "available_from": "09:00:00", "available_to": "11:00:00", "max_appointments": 12, "break_from": "13:00:00", "break_to": "14:00:00"}}, {"model": "meds.availability", "pk": 48, "fields": {"doctor": 10, "day_of_week": "Saturday", "available_from": "09:00:00", "available_to": "11:00:00", "max_appointments": 12, "break_from": "13:00:00", "break_to": "14:00:00"}}, {"model": "meds.availability", "pk": 49, "fields": {"doctor": 10, "day_of_week": "Sunday", "available_from": "10:00:00", "available_to": "17:00:00", "max_appointments": 5, "break_from": "13:00:00", "break_to": "14:00:00"}}, {"model": "meds.availability", "pk": 50, "fields": {"doctor": 11, "day_of_week": "Monday", "available_from": "09:00:00", "available_to": "17:00:00", "max_appointments": 6, "break_from": "13:00:00", "break_to": "14:00:00"}}, {"model": "meds.availability", "pk": 51, "fields": {"doctor": 11, "day_of_week": "Tuesday", "available_from": "09:00:00", "available_to": "17:00:00", "max_appointments": 6, "break_from": "13:00:00", "break_to": "14:00:00"}}, {"model": "meds.availability", "pk": 52, "fields": {"doctor": 11, "day_of_week": "Wednesday", "available_from": "09:00:00", "available_to": "17:00:00", "max_appointments": 6, "break_from": "13:00:00", "break_to": "14:00:00"}}, {"model": "meds.availability", "pk": 53, "fields": {"doctor": 11, "day_of_week": "Thursday", "available_from": "09:00:00", "available_to": "17:00:00", "max_appointments": 6, "break_from": "13:00:00", "break_to": "14:00:00"}}, {"model": "meds.availability", "pk": 54, "fields": {"doctor": 13, "day_of_week": "Monday", "available_from": "09:00:00", "available_to": "17:00:00", "max_appointments": 5, "break_from": "13:00:00", "break_to": "14:00:00"}}, {"model": "meds.availability", "pk": 55, "fields": {"doctor": 13, "day_of_week": "Tuesday", "available_from": "09:00:00", "available_to": "17:00:00", "max_appointments": 5, "break_from": "13:00:00", "break_to": "14:00:00"}}, {"model": "meds.availability", "pk": 56, "fields": {"doctor": 13, "day_of_week": "Wednesday", "available_from": "09:00:00", "available_to": "17:00:00", "max_appointments": 5, "break_from": "13:00:00", "break_to": "14:00:00"}}, {"model": "meds.onlineavailability", "pk": 1, "fields": {"doctor": 10, "day_of_week": "Sunday", "available_from": "10:00:00", "available_to": "17:00:00", "max_appointments": 5, "break_from": "12:00:00", "break_to": "14:00:00"}}, {"model": "meds.onlineavailability", "pk": 2, "fields": {"doctor": 11, "day_of_week": "Friday", "available_from": "09:00:00", "available_to": "17:00:00", "max_appointments": 8, "break_from": "13:00:00", "break_to": "14:00:00"}}, {"model": "meds.onlineavailability", "pk": 3, "fields": {"doctor": 11, "day_of_week": "Saturday", "available_from": "09:00:00", "available_to": "17:00:00", "max_appointments": 8, "break_from": "13:00:00", "break_to": "14:00:00"}}, {"model": "meds.onlineavailability", "pk": 4, "fields": {"doctor": 13, "day_of_week": "Tuesday", "available_from": "09:00:00", "available_to": "17:00:00", "max_appointments": 11, "break_from": "13:00:00", "break_to": "14:00:00"}}, {"model": "meds.onlineavailabilitypartime", "pk": 1, "fields": {"doctor": 10, "day_of_week": "Thursday", "available_from": "14:00:00", "available_to": "16:00:00", "max_appointments": 8}}, {"model": "meds.onlineavailabilitypartime", "pk": 2, "fields": {"doctor": 11, "day_of_week": "Thursday", "available_from": "20:00:00", "available_to": "22:00:00", "max_appointments": 7}}, {"model": "meds.onlineavailabilitypartime", "pk": 3, "fields": {"doctor": 13, "day_of_week": "Tuesday", "available_from": "17:00:00", "available_to": "20:00:00", "max_appointments": 4}}, {"model": "meds.onlineavailabilitypartime", "pk": 4, "fields": {"doctor": 13, "day_of_week": "Thursday", "available_from": "12:00:00", "available_to": "13:00:00", "max_appointments": 5}}, {"model": "meds.onlineavailabilitypartime", "pk": 5, "fields": {"doctor": 13, "day_of_week": "Friday", "available_from": "20:00:00", "available_to": "21:00:00", "max_appointments": 6}}, {"model": "meds.appointment", "pk": 1, "fields": {"doctor": 1, "username": 1, "patient": "1", "date": "2024-10-25", "start_time": "14:00:00", "end_time": "14:30:00", "notes": "i am sick", "created_at": "2024-10-24T18:57:11.902Z", "appointment_mode": "offline"}}, {"model": "meds.appointment", "pk": 2, "fields": {"doctor": 2, "username": 1, "patient": "1", "date": "2024-10-25", "start_time": "09:00:00", "end_time": "09:15:00", "notes": "I am sick", "created_at": "2024-10-24T23:24:54.497Z", "appointment_mode": "offline"}}, {"model": "meds.appointment", "pk": 3, "fields": {"doctor": 2, "username": 1, "patient": "1", "date": "2024-10-25", "start_time": "09:15:00", "end_time": "09:30:00", "notes": "I am sick again", "created_at": "2024-10-24T23:24:54.497Z", "appointment_mode": "offline"}}, {"model": "meds.appointment", "pk": 4, "fields": {"doctor": 7, "username": 1, "patient": "50", "date": "2024-10-25", "start_time": "10:00:00", "end_time": "10:15:00", "notes": "i have cold", "created_at": "2024-10-25T00:14:38.156Z", "appointment_mode": "offline"}}, {"model": "meds.appointment", "pk": 5, "fields": {"doctor": 2, "username": 1, "patient": "1", "date": "2024-10-25", "start_time": "11:00:00", "end_time": "11:15:00", "notes": "i am sick", "created_at": "2024-10-25T10:38:53.912Z", "appointment_mode": "offline"}}, {"model": "meds.appointment", "pk": 6, "fields": {"doctor": 2, "username": 1, "patient": "1", "date": "2024-10-28", "start_time": "10:00:00", "end_time": "10:15:00", "notes": "i have fungal infection", "created_at": "2024-10-26T10:19:51.313Z", "appointment_mode": "offline"}}, {"model": "meds.appointment", "pk": 7, "fields": {"doctor": 11, "username": 60, "patient": "Ahmed Burud", "date": "2025-02-10", "start_time": "09:00:00", "end_time": "09:10:00", "notes": "i am sick", "created_at": "2025-02-10T00:41:00.334Z", "appointment_mode": "offline"}}, {"model": "meds.appointment", "pk": 8, "fields": {"doctor": 11, "username": 60, "patient": "Ahmed Burud", "date": "2025-02-10", "start_time": "09:00:00", "end_time": "09:10:00", "notes": "i am sick", "created_at": "2025-02-10T00:41:00.334Z", "appointment_mode": "offline"}}, {"model": "meds.appointment", "pk": 9, "fields": {"doctor": 11, "username": 60, "patient": "Ahmed Burud", "date": "2025-02-11", "start_time": "09:00:00", "end_time": "10:00:00", "notes": "i am sick", "created_at": "2025-02-10T00:46:10.096Z", "appointment_mode": "offline"}}, {"model": "meds.appointment", "pk": 10, "fields": {"doctor": 11, "username": 60, "patient": "Ahmed Burud", "date": "2025-02-11", "start_time": "10:00:00", "end_time": "11:00:00", "notes": "i am sick again", "created_at": "2025-02-10T00:46:10.096Z", "appointment_mode": "offline"}}, {"model": "meds.appointment", "pk": 11, "fields": {"doctor": 11, "username": 60, "patient": "Ahmed Burud", "date": "2025-02-10", "start_time": "09:10:00", "end_time": "09:20:00", "notes": "bro is sick", "created_at": "2025-02-10T00:56:07.229Z", "appointment_mode": "offline"}}, {"model": "meds.appointment", "pk": 13, "fields": {"doctor": 11, "username": 60, "patient": "Ahmed Burud", "date": "2025-02-13", "start_time": "20:00:00", "end_time": "20:08:00", "notes": "I am sick again", "created_at": "2025-02-11T07:00:57.319Z", "appointment_mode": "online"}}, {"model": "meds.appointment", "pk": 14, "fields": {"doctor": 11, "username": 1, "patient": "Abdul Basit Solkar", "date": "2025-02-13", "start_time": "20:08:00", "end_time": "20:16:00", "notes": "i am sick", "created_at": "2025-02-12T12:16:49.754Z", "appointment_mode": "online"}}, {"model": "meds.appointment", "pk": 15, "fields": {"doctor": 11, "username": 60, "patient": "Ahmed Burud", "date": "2025-02-15", "start_time": "12:16:00", "end_time": "12:23:00", "notes": "i am sick", "created_at": "2025-02-15T11:31:40.646Z", "appointment_mode": "online"}}, {"model": "meds.appointment", "pk": 16, "fields": {"doctor": 11, "username": 60, "patient": "Ahmed Burud", "date": "2025-02-20", "start_time": "09:10:00", "end_time": "09:20:00", "notes": "I am sick again", "created_at": "2025-02-19T16:58:20.960Z", "appointment_mode": "offline"}}, {"model": "meds.appointment", "pk": 17, "fields": {"doctor": 11, "username": 62, "patient": "jeetu", "date": "2025-02-21", "start_time": "09:07:00", "end_time": "09:14:00", "notes": "ddada", "created_at": "2025-02-19T16:58:20.960Z", "appointment_mode": "online"}}, {"model": "meds.appointment", "pk": 18, "fields": {"doctor": 11, "username": 60, "patient": "Ahmed Mubin Burud", "date": "2025-03-04", "start_time": "16:50:00", "end_time": "17:00:00", "notes": "I am sick", "created_at": "2025-03-02T17:34:37.499Z", "appointment_mode": "offline"}}, {"model": "meds.appointment", "pk": 19, "fields": {"doctor": 11, "username": 60, "patient": "Ahmed Mubin Burud", "date": "2025-03-18", "start_time": "12:40:00", "end_time": "12:50:00", "notes": "I am sick", "created_at": "2025-03-18T10:35:03.972Z", "appointment_mode": "offline"}}, {"model": "meds.appointment", "pk": 20, "fields": {"doctor": 13, "username": 60, "patient": "Ahmed Mubin Burud", "date": "2025-03-18", "start_time": "11:05:00", "end_time": "11:10:00", "notes": "I am sick", "created_at": "2025-03-18T11:02:25.099Z", "appointment_mode": "online"}}, {"model": "meds.bmi", "pk": 4, "fields": {"username": 60, "weight": "90.0", "height": "190.0", "bmi": "24.93"}}, {"model": "meds.bmi", "pk": 5, "fields": {"username": 60, "weight": "90.0", "height": "190.0", "bmi": "24.93"}}, {"model": "meds.bmi", "pk": 6, "fields": {"username": 60, "weight": "40.0", "height": "153.0", "bmi": "17.09"}}, {"model": "meds.bmi", "pk": 7, "fields": {"username": 60, "weight": "52.0", "height": "165.0", "bmi": "19.1"}}]